{
    "epoch": 2.0,
    "eval_accuracy": 0.7910256385803223,
    "eval_loss": 0.45440226793289185,
    "eval_runtime": 3.0186,
    "eval_samples": 780,
    "eval_samples_per_second": 258.402,
    "eval_steps_per_second": 16.233,
    "train_loss": 0.5310797454042163,
    "train_runtime": 1980.4694,
    "train_samples": 75226,
    "train_samples_per_second": 75.968,
    "train_steps_per_second": 4.748
}