{
    "epoch": 2.0,
    "eval_accuracy": 0.5051282048225403,
    "eval_loss": 0.6930667757987976,
    "eval_runtime": 2.7695,
    "eval_samples": 780,
    "eval_samples_per_second": 281.639,
    "eval_steps_per_second": 4.694,
    "train_loss": 0.6946614152294094,
    "train_runtime": 86.7573,
    "train_samples": 3755,
    "train_samples_per_second": 86.563,
    "train_steps_per_second": 1.36
}