{
    "epoch": 2.0,
    "eval_accuracy": 0.5051282048225403,
    "eval_loss": 0.6930667757987976,
    "eval_runtime": 2.7695,
    "eval_samples": 780,
    "eval_samples_per_second": 281.639,
    "eval_steps_per_second": 4.694
}