{
    "epoch": 2.0,
    "eval_accuracy": 0.6936818361282349,
    "eval_loss": 0.5723044872283936,
    "eval_runtime": 29.5864,
    "eval_samples": 8341,
    "eval_samples_per_second": 281.92,
    "eval_steps_per_second": 4.428
}