{
    "epoch": 2.0,
    "eval_accuracy": 0.6105982661247253,
    "eval_loss": 0.6518613696098328,
    "eval_runtime": 9.5369,
    "eval_samples": 8341,
    "eval_samples_per_second": 874.601,
    "eval_steps_per_second": 13.736
}