{
    "epoch": 2.0,
    "eval_accuracy": 0.5157654881477356,
    "eval_loss": 0.692313551902771,
    "eval_runtime": 30.63,
    "eval_samples": 8341,
    "eval_samples_per_second": 272.315,
    "eval_steps_per_second": 4.277
}