{
    "epoch": 2.0,
    "eval_accuracy": 0.8825742602348328,
    "eval_loss": 0.28484979271888733,
    "eval_runtime": 232.3122,
    "eval_samples": 15414,
    "eval_samples_per_second": 66.35,
    "eval_steps_per_second": 4.15
}