{
    "epoch": 2.0,
    "eval_accuracy": 0.6346153616905212,
    "eval_loss": 0.6425568461418152,
    "eval_runtime": 5.1535,
    "eval_samples": 780,
    "eval_samples_per_second": 151.353,
    "eval_steps_per_second": 4.851,
    "train_loss": 0.6721024377353138,
    "train_runtime": 2856.2583,
    "train_samples": 75226,
    "train_samples_per_second": 52.675,
    "train_steps_per_second": 1.646
}