{
    "epoch": 2.0,
    "eval_accuracy": 0.5047551989555359,
    "eval_loss": 0.6930133104324341,
    "eval_runtime": 10.1525,
    "eval_samples": 2839,
    "eval_samples_per_second": 279.635,
    "eval_steps_per_second": 4.432
}