{
    "epoch": 2.0,
    "eval_accuracy": 0.7206266522407532,
    "eval_loss": 1.309166669845581,
    "eval_runtime": 4.3315,
    "eval_samples": 1532,
    "eval_samples_per_second": 353.686,
    "eval_steps_per_second": 11.082,
    "train_loss": 0.19298674393851367,
    "train_runtime": 3142.6253,
    "train_samples": 169654,
    "train_samples_per_second": 107.97,
    "train_steps_per_second": 3.374
}