{
    "epoch": 2.0,
    "eval_accuracy": 0.5371794700622559,
    "eval_loss": 0.6873942017555237,
    "eval_runtime": 0.9252,
    "eval_samples": 780,
    "eval_samples_per_second": 843.02,
    "eval_steps_per_second": 14.05,
    "train_loss": 0.6899590005680006,
    "train_runtime": 483.4461,
    "train_samples": 75226,
    "train_samples_per_second": 311.207,
    "train_steps_per_second": 4.865
}