{
    "epoch": 2.0,
    "eval_accuracy": 0.5371794700622559,
    "eval_loss": 0.6873942017555237,
    "eval_runtime": 0.9252,
    "eval_samples": 780,
    "eval_samples_per_second": 843.02,
    "eval_steps_per_second": 14.05
}