{
    "epoch": 2.0,
    "eval_accuracy": 0.5157654881477356,
    "eval_loss": 0.6909591555595398,
    "eval_runtime": 31.0397,
    "eval_samples": 8341,
    "eval_samples_per_second": 268.721,
    "eval_steps_per_second": 4.22,
    "train_loss": 0.6932422674975349,
    "train_runtime": 151.0413,
    "train_samples": 6541,
    "train_samples_per_second": 86.612,
    "train_steps_per_second": 1.364
}