{
    "epoch": 2.0,
    "eval_accuracy": 0.5157654881477356,
    "eval_loss": 0.6909591555595398,
    "eval_runtime": 31.0397,
    "eval_samples": 8341,
    "eval_samples_per_second": 268.721,
    "eval_steps_per_second": 4.22
}