{
    "epoch": 2.0,
    "eval_accuracy": 0.6626303791999817,
    "eval_loss": 0.608461856842041,
    "eval_runtime": 29.7413,
    "eval_samples": 8341,
    "eval_samples_per_second": 280.451,
    "eval_steps_per_second": 4.405
}