{
    "epoch": 2.0,
    "eval_accuracy": 0.5051282048225403,
    "eval_loss": 0.6940435171127319,
    "eval_runtime": 2.7102,
    "eval_samples": 780,
    "eval_samples_per_second": 287.799,
    "eval_steps_per_second": 4.797,
    "train_loss": 0.6988327319805439,
    "train_runtime": 26.745,
    "train_samples": 788,
    "train_samples_per_second": 58.927,
    "train_steps_per_second": 0.972
}