{
    "epoch": 2.0,
    "eval_accuracy": 0.6243589520454407,
    "eval_loss": 0.6561141014099121,
    "eval_runtime": 2.7681,
    "eval_samples": 780,
    "eval_samples_per_second": 281.786,
    "eval_steps_per_second": 4.696,
    "train_loss": 0.6552510099346135,
    "train_runtime": 1578.4129,
    "train_samples": 75226,
    "train_samples_per_second": 95.319,
    "train_steps_per_second": 1.49
}