{
    "epoch": 2.0,
    "eval_accuracy": 0.870512843132019,
    "eval_loss": 0.34613877534866333,
    "eval_runtime": 10.7058,
    "eval_samples": 780,
    "eval_samples_per_second": 72.857,
    "eval_steps_per_second": 4.577
}