{
    "epoch": 2.0,
    "eval_accuracy": 0.7702913284301758,
    "eval_loss": 0.4818645715713501,
    "eval_runtime": 30.7596,
    "eval_samples": 8341,
    "eval_samples_per_second": 271.167,
    "eval_steps_per_second": 4.259
}