{
    "epoch": 2.0,
    "eval_accuracy": 0.8038604259490967,
    "eval_loss": 0.430086225271225,
    "eval_runtime": 30.1717,
    "eval_samples": 8341,
    "eval_samples_per_second": 276.451,
    "eval_steps_per_second": 4.342,
    "train_loss": 0.47983151359334153,
    "train_runtime": 1364.4848,
    "train_samples": 65386,
    "train_samples_per_second": 95.84,
    "train_steps_per_second": 1.498
}