{
    "epoch": 2.0,
    "eval_accuracy": 0.721376359462738,
    "eval_loss": 0.5479556322097778,
    "eval_runtime": 55.4062,
    "eval_samples": 8341,
    "eval_samples_per_second": 150.543,
    "eval_steps_per_second": 4.711,
    "train_loss": 0.562699989796618,
    "train_runtime": 2496.0873,
    "train_samples": 65386,
    "train_samples_per_second": 52.391,
    "train_steps_per_second": 1.638
}