{
    "epoch": 2.0,
    "eval_accuracy": 0.8820006847381592,
    "eval_loss": 0.35285550355911255,
    "eval_runtime": 24.5886,
    "eval_samples": 2839,
    "eval_samples_per_second": 115.46,
    "eval_steps_per_second": 7.239
}