{
    "epoch": 2.0,
    "eval_accuracy": 0.9381369352340698,
    "eval_loss": 0.2662855386734009,
    "eval_runtime": 72.9575,
    "eval_samples": 8341,
    "eval_samples_per_second": 114.327,
    "eval_steps_per_second": 7.155,
    "train_loss": 0.19547942263997795,
    "train_runtime": 3720.7991,
    "train_samples": 65386,
    "train_samples_per_second": 35.146,
    "train_steps_per_second": 2.197
}